snp,coefficient,odds_ratio
blaCTX_1_*K,2.5100085554865177,12.305035335623984
