snp,coefficient,odds_ratio
rpoB_435_DV,1.0415871897009834,2.8337110839856603
rpoB_445_HY,0.840342492313565,2.3171604505376098
rpoB_431_LV,0.4151269728303328,1.5145630368391019
rpoB_450_SL,0.33486197023243125,1.3977474411523387
rpoB_432_NK,0.2934255384686867,1.341013321786994
iniA_40_neutral,0.08669772764967634,1.090566981646755
atpE_30_neutral,0.06762005768538341,1.0699587086531164
rpsE_45_neutral,0.04183513213409854,1.0427225531365851
recA_123_neutral,0.015337786369690104,1.015456013891175
