snp,coefficient,odds_ratio
gyrA_83_SL,0.8998203371269474,2.4591612514895074
gyrB_426_DN,0.6806469925904441,1.9751552297187847
gyrA_87_DN,0.5898378616239638,1.8036959433569077
marA_1_MV,0.3859852824002503,1.4710630201386836
parC_84_EV,0.07725358931749278,1.0803159982559773
rpsE_45_neutral,0.033649277694544344,1.0342218184523462
kasA_269_neutral,0.0010593783397834734,1.001059939679223
