snp,coefficient,odds_ratio
mecA_1_*M,1.184351309064947,3.2685658445770858
pbp2a_40_SP,0.9010648903878519,2.462223713947667
femA_261_IF,0.3567079208016738,1.428618539152406
femB_299_TM,0.23411422188369982,1.263788836305475
graSR_20_KE,0.17408413918478247,1.1901557003380758
