snp,coefficient,odds_ratio
katG_315_ST,1.0510259691820152,2.860584484557751
katG_315_SN,0.9691594889758677,2.635728169493523
inhA_-8_CT,0.6258371428590621,1.8698106010181847
inhA_-15_CT,0.5189515696773266,1.68026508503194
tap_180_neutral,0.21902701114288606,1.2448649014571345
dnaK_230_neutral,0.07947742690348009,1.0827211188852686
ahpC_-10_CT,0.05712814067089,1.058791475953238
